id,scope,object,table,desc,dtype,note
IDX_01_01_001,historical,VDN,Statistics about the trend traffic of calls under a VDN,Indicates the total number of calls at an interval of 15 minutes.,map,"= Total number of incoming calls + Total number of outgoing calls For details, see Return Result of the Daily Statistics About the Trend Traffic at an Interval of 15, 30, or 60 Minutes. This also applies to the following indexes."
IDX_01_01_002,historical,VDN,Statistics about the trend traffic of calls under a VDN,Indicates the total number of connected calls at an interval of 15 minutes.,map,= Total number of connected incoming calls + Total number of connected outgoing calls
IDX_01_01_003,historical,VDN,Statistics about the trend traffic of calls under a VDN,Indicates the total number of lost calls at an interval of 15 minutes.,map,= Total number of calls – Total number of connected calls
IDX_01_01_004,historical,VDN,Statistics about the trend traffic of calls under a VDN,Indicates the total number of calls at an interval of 30 minutes.,map,= Total number of incoming calls + Total number of outgoing calls
IDX_01_01_005,historical,VDN,Statistics about the trend traffic of calls under a VDN,Indicates the total number of connected calls at an interval of 30 minutes.,map,= Total number of connected incoming calls + Total number of connected outgoing calls
IDX_01_01_006,historical,VDN,Statistics about the trend traffic of calls under a VDN,Indicates the total number of lost calls at an interval of 30 minutes.,map,= Total number of calls – Total number of connected calls
IDX_01_01_007,historical,VDN,Statistics about the trend traffic of calls under a VDN,Indicates the total number of calls at an interval of 60 minutes.,map,= Total number of incoming calls + Total number of outgoing calls
IDX_01_01_008,historical,VDN,Statistics about the trend traffic of calls under a VDN,Indicates the total number of connected calls at an interval of 60 minutes.,map,= Total number of connected incoming calls + Total number of connected outgoing calls
IDX_01_01_009,historical,VDN,Statistics about the trend traffic of calls under a VDN,"Indicates the total number of lost calls at an interval of 60 minutes. return result for the query of the statistics a l"":{""2016-01-28 05:45:00"":""0"",""2016-01-28 06:45 "",""2016-01-28 03:00:00"":""3"",""2016-01-28 06:00:0 2016-01-28 06:00:00"":""1""}},{""id"":""IDX_01_01_006 ,{""id"":""IDX_01_01_007"",""val"":{""2016-01-28 05:00 ""}}]}]}",map,"= Total number of calls – Total number of connected calls under a VDN for the VDN ID of 1: 1"",""2016-01-28 03:15:00"":""2""}}, val"":{""2016-01-28 06:30:00"":""1"",""2016-01-28 2"",""2016-01-28 05:30:00"":""1"",""2016-01-28 3"",""2016-01-28 06:00:00"":""4""}},"
IDX_01_02_001,historical,VDN,Daily monitoring statistics about incoming calls under a VDN,Indicates the total number of incoming calls.,string,
IDX_01_02_002,historical,VDN,Daily monitoring statistics about incoming calls under a VDN,Indicates the total number of connected incoming calls.,string,
IDX_01_02_003,historical,VDN,Daily monitoring statistics about incoming calls under a VDN,Indicates the call completion rate of incoming calls.,string,
IDX_01_02_004,historical,VDN,Daily monitoring statistics about incoming calls under a VDN,Indicates the number of incoming IVR calls.,string,
IDX_01_02_005,historical,VDN,Daily monitoring statistics about incoming calls under a VDN,Indicates the number of connected incoming IVR calls.,string,
IDX_01_02_006,historical,VDN,Daily monitoring statistics about incoming calls under a VDN,Indicates the call completion rate of incoming IVR calls.,string,
IDX_01_02_007,historical,VDN,Daily monitoring statistics about incoming calls under a VDN,Indicates the number of incoming manual calls.,string,
IDX_01_02_008,historical,VDN,Daily monitoring statistics about incoming calls under a VDN,Indicates the number of connected incoming manual calls.,string,
IDX_01_02_009,historical,VDN,Daily monitoring statistics about incoming calls under a VDN,Indicates the call completion rate of incoming manual calls.,string,
IDX_01_02_010,historical,VDN,Daily monitoring statistics about incoming calls under a VDN,Indicates the average duration that the VDN is occupied by incoming calls.,string,
IDX_01_02_011,historical,VDN,Daily monitoring statistics about incoming calls under a VDN,Indicates the number of dropped incoming calls in one day.,string,= Number of incoming calls in one day – Number of answered incoming calls in one day
IDX_01_02_012,historical,VDN,Daily monitoring statistics about incoming calls under a VDN,Indicates the average call duration.,string,= Total call duration in all skill queues / Total number of calls in all skill queues
IDX_01_02_013,historical,VDN,Daily monitoring statistics about incoming calls under a VDN,Indicates the average waiting time. return result for the query of the daily monito,string,= Total waiting time in all skill queues / Total number of call requests in all skill queues ls under a VDN for the VDN ID of 1:
IDX_01_03_001,historical,VDN,Daily monitoring statistics about outgoing calls under a VDN,Indicates the total number of outgoing calls.,string,
IDX_01_03_002,historical,VDN,Daily monitoring statistics about outgoing calls under a VDN,Indicates the total number of connected outgoing calls.,string,
IDX_01_03_003,historical,VDN,Daily monitoring statistics about outgoing calls under a VDN,Indicates the call completion rate of outgoing calls.,string,
IDX_01_03_004,historical,VDN,Daily monitoring statistics about outgoing calls under a VDN,Indicates the number of connected outgoing IVR calls.,string,
IDX_01_03_005,historical,VDN,Daily monitoring statistics about outgoing calls under a VDN,Indicates the number of connected outgoing manual calls.,string,
IDX_01_03_006,historical,VDN,Daily monitoring statistics about outgoing calls under a VDN,Indicates the average duration that the VDN is occupied by outgoing calls. query of the daily monitoring statistics about outgoing calls under a,string,the VDN ID of 1:
IDX_01_04_001,realtime,VDN,Real-time monitoring statistics about a VDN,Indicates the number of connected calls under the VDN.,string,= Number of IVR calls + Total number of calls in all skill queues
IDX_01_04_002,realtime,VDN,Real-time monitoring statistics about a VDN,Indicates the number of IVR calls.,string,
IDX_01_04_004,realtime,VDN,Real-time monitoring statistics about a VDN,Indicates the number of queuing calls.,string,= Total number of queuing calls in all skill queues
IDX_01_04_005,realtime,VDN,Real-time monitoring statistics about a VDN,Indicates the number of agents who have signed in.,string,= Total number of agents not in the sign-out state
IDX_01_04_006,realtime,VDN,Real-time monitoring statistics about a VDN,Indicates the number of idle agents.,string,= Total number of agents in the idle state
IDX_01_04_007,realtime,VDN,Real-time monitoring statistics about a VDN,Indicates the number of busy agents.,string,= Total number of agents in the busy state
IDX_01_04_008,realtime,VDN,Real-time monitoring statistics about a VDN,Indicates the number of talking agents.,string,= Total number of agents in the talk state
IDX_01_04_009,realtime,VDN,Real-time monitoring statistics about a VDN,Indicates the total number of calls under the VDN.,string,= Number of IVR calls + Total number of calls in all skill queues + Total number of queuing calls in all skill queues
IDX_01_04_010,realtime,VDN,Real-time monitoring statistics about a VDN,Indicates the number of agents in the study state.,string,= Total number of agents in the study state
IDX_01_04_011,realtime,VDN,Real-time monitoring statistics about a VDN,Indicates the number of agents in the wrap-up state.,string,= Total number of agents in the wrap-up state
IDX_01_04_012,realtime,VDN,Real-time monitoring statistics about a VDN,Indicates the number of answering agents.,string,= Total number of agents in the answering state
IDX_01_04_013,realtime,VDN,Real-time monitoring statistics about a VDN,Indicates the number of preoccupied agents.,string,= Total number of agents in the preoccupied state
IDX_01_04_014,realtime,VDN,Real-time monitoring statistics about a VDN,Indicates the number of occupied agents.,string,= Total number of agents in the occupied state
IDX_01_04_015,realtime,VDN,Real-time monitoring statistics about a VDN,Indicates the number of agents who have not signed in.,string,= Total number of agents in the unsigned state
IDX_01_04_016,realtime,VDN,Real-time monitoring statistics about a VDN,Indicates the number of resting agents. rn result for the query of the real-time monito,string,= Total number of agents in the resting state for the VDN ID of 1:
IDX_01_05_001,historical,VDN,Daily statistics about the VDN service level,Indicates the call drop rate of incoming manual calls in one day.,string,= (Number of incoming manual calls – Number of connected incoming manual calls) / Number of incoming manual calls
IDX_01_05_002,historical,VDN,Daily statistics about the VDN service level,Indicates the call drop rate of incoming calls in one day. return result for the query of the daily statist,string,= Number of incoming calls in one day – Number of answered incoming calls in one day) / Number of incoming calls in one day r the VDN ID of 1:
IDX_01_06_041,historical,VDN,Statistics about the rate of call connection within n seconds in skill queues,Indicates the rate of call connection within 5s.,string,= Statistics about all skill queues under a VDN for the corresponding n seconds This also applies to the following indexes.
IDX_01_06_042,historical,VDN,Statistics about the rate of call connection within n seconds in skill queues,Indicates the rate of call connection within 10s.,string,
IDX_01_06_043,historical,VDN,Statistics about the rate of call connection within n seconds in skill queues,Indicates the rate of call connection within 15s.,string,
IDX_01_06_044,historical,VDN,Statistics about the rate of call connection within n seconds in skill queues,Indicates the rate of call connection within 20s.,string,
IDX_01_06_045,historical,VDN,Statistics about the rate of call connection within n seconds in skill queues,Indicates the rate of call connection within 25s.,string,
IDX_01_06_046,historical,VDN,Statistics about the rate of call connection within n seconds in skill queues,Indicates the rate of call connection within 30s.,string,
IDX_01_06_047,historical,VDN,Statistics about the rate of call connection within n seconds in skill queues,Indicates the rate of call connection within 35s.,string,
IDX_01_06_048,historical,VDN,Statistics about the rate of call connection within n seconds in skill queues,Indicates the rate of call connection within 40s.,string,
IDX_01_06_049,historical,VDN,Statistics about the rate of call connection within n seconds in skill queues,Indicates the rate of call connection within 45s.,string,
IDX_01_06_050,historical,VDN,Statistics about the rate of call connection within n seconds in skill queues,Indicates the rate of call connection within 50s. return result for the query of the statistics ab,string,thin n seconds for the VDN ID of 1:
IDX_01_06_051,historical,VDN,Statistics about the rate of call drop within n seconds in skill queues,Indicates the rate of call drop within 5s.,string,= Statistics about all skill queues under a VDN for the corresponding n seconds This also applies to the following indexes.
IDX_01_06_052,historical,VDN,Statistics about the rate of call drop within n seconds in skill queues,Indicates the rate of call drop within 10s.,string,
IDX_01_06_053,historical,VDN,Statistics about the rate of call drop within n seconds in skill queues,Indicates the rate of call drop within 15s.,string,
IDX_01_06_054,historical,VDN,Statistics about the rate of call drop within n seconds in skill queues,Indicates the rate of call drop within 20s.,string,
IDX_01_06_055,historical,VDN,Statistics about the rate of call drop within n seconds in skill queues,Indicates the rate of call drop within 25s.,string,
IDX_01_06_056,historical,VDN,Statistics about the rate of call drop within n seconds in skill queues,Indicates the rate of call drop within 30s.,string,
IDX_01_06_057,historical,VDN,Statistics about the rate of call drop within n seconds in skill queues,Indicates the rate of call drop within 35s.,string,
IDX_01_06_058,historical,VDN,Statistics about the rate of call drop within n seconds in skill queues,Indicates the rate of call drop within 40s.,string,
IDX_01_06_059,historical,VDN,Statistics about the rate of call drop within n seconds in skill queues,Indicates the rate of call drop within 45s.,string,
IDX_01_06_060,historical,VDN,Statistics about the rate of call drop within n seconds in skill queues,Indicates the rate of call drop within 50s. return result for the query of the statistics a,string,seconds for the VDN ID of 1:
IDX_01_06_061,historical,VDN,Statistics about the rate of call connection beyond n seconds in skill queues,Indicates the rate of call connection beyond 5s.,string,= Statistics about all skill queues under a VDN for the corresponding n seconds This also applies to the following indexes.
IDX_01_06_062,historical,VDN,Statistics about the rate of call connection beyond n seconds in skill queues,Indicates the rate of call connection beyond 10s.,string,
IDX_01_06_063,historical,VDN,Statistics about the rate of call connection beyond n seconds in skill queues,Indicates the rate of call connection beyond 15s.,string,
IDX_01_06_064,historical,VDN,Statistics about the rate of call connection beyond n seconds in skill queues,Indicates the rate of call connection beyond 20s.,string,
IDX_01_06_065,historical,VDN,Statistics about the rate of call connection beyond n seconds in skill queues,Indicates the rate of call connection beyond 25s.,string,
IDX_01_06_066,historical,VDN,Statistics about the rate of call connection beyond n seconds in skill queues,Indicates the rate of call connection beyond 30s.,string,
IDX_01_06_067,historical,VDN,Statistics about the rate of call connection beyond n seconds in skill queues,Indicates the rate of call connection beyond 35s.,string,
IDX_01_06_068,historical,VDN,Statistics about the rate of call connection beyond n seconds in skill queues,Indicates the rate of call connection beyond 40s.,string,
IDX_01_06_069,historical,VDN,Statistics about the rate of call connection beyond n seconds in skill queues,Indicates the rate of call connection beyond 45s.,string,
IDX_01_06_070,historical,VDN,Statistics about the rate of call connection beyond n seconds in skill queues,Indicates the rate of call connection beyond 50s. return result for the query of the statistics a,string,yond n seconds for the VDN ID of 1:
IDX_01_07_001,historical,VDN,Daily monitoring statistics about the trend traffic of incoming calls at an interval of 15 minutes under a VDN,Indicates the total number of incoming calls.,map,"For details, see Return Result of the Daily Statistics About the Trend Traffic at an Interval of 15, 30, or 60 Minutes. This also applies to the following indexes."
IDX_01_07_002,historical,VDN,Daily monitoring statistics about the trend traffic of incoming calls at an interval of 15 minutes under a VDN,Indicates the total number of connected incoming calls.,map,
IDX_01_07_003,historical,VDN,Daily monitoring statistics about the trend traffic of incoming calls at an interval of 15 minutes under a VDN,Indicates the call completion rate of incoming calls.,map,
IDX_01_07_004,historical,VDN,Daily monitoring statistics about the trend traffic of incoming calls at an interval of 15 minutes under a VDN,Indicates the number of incoming IVR calls.,map,
IDX_01_07_005,historical,VDN,Daily monitoring statistics about the trend traffic of incoming calls at an interval of 15 minutes under a VDN,Indicates the number of connected incoming IVR calls.,map,
IDX_01_07_006,historical,VDN,Daily monitoring statistics about the trend traffic of incoming calls at an interval of 15 minutes under a VDN,Indicates the call completion rate of incoming IVR calls.,map,
IDX_01_07_007,historical,VDN,Daily monitoring statistics about the trend traffic of incoming calls at an interval of 15 minutes under a VDN,Indicates the number of incoming manual calls.,map,
IDX_01_07_008,historical,VDN,Daily monitoring statistics about the trend traffic of incoming calls at an interval of 15 minutes under a VDN,Indicates the number of connected incoming manual calls.,map,
IDX_01_07_009,historical,VDN,Daily monitoring statistics about the trend traffic of incoming calls at an interval of 15 minutes under a VDN,Indicates the call completion rate of incoming manual calls.,map,
IDX_01_07_010,historical,VDN,Daily monitoring statistics about the trend traffic of incoming calls at an interval of 15 minutes under a VDN,"Indicates the average duration that the VDN is occupied by incoming calls. return result for the query of the daily monito l"":{""2016-01-28 05:45:00"":""0"",""2016-01-28 06:45 "",""2016-01-28 06:15:00"":""0"",""2016-01-28 03:15:0 0.00"",""2016-01-28 03:15:00"":""0.00""}},{""id"":""IDX ,{""id"":""IDX_01_07_008"",""val"":{""2016-01-28 05:45 l"":{""2016-01-28 05:45:00"":""0.00"",""2016-01-28 06",map,"affic of incoming calls at an interval of 15 minutes under a ,""2016-01-28 03:15:00"":""1""}}, l"":{""2016-01-28 05:45:00"":""0.00"",""2016-01-28 45:00"":""0"",""2016-01-28 06:45:00"":""1"",""2016-01-28 ,""2016-01-28 06:15:00"":""1"",""2016-01-28 0"":""100.00"",""2016-01-28 03:15:00"":""50.00""}},"
IDX_01_07_012,historical,VDN,Daily monitoring statistics about the trend traffic of outgoing calls at an interval of 15 minutes under a VDN,Indicates the total number of outgoing calls.,map,
IDX_01_07_013,historical,VDN,Daily monitoring statistics about the trend traffic of outgoing calls at an interval of 15 minutes under a VDN,Indicates the total number of connected outgoing calls.,map,
IDX_01_07_014,historical,VDN,Daily monitoring statistics about the trend traffic of outgoing calls at an interval of 15 minutes under a VDN,Indicates the call completion rate of outgoing calls.,map,
IDX_01_07_015,historical,VDN,Daily monitoring statistics about the trend traffic of outgoing calls at an interval of 15 minutes under a VDN,Indicates the number of connected outgoing IVR calls.,map,
IDX_01_07_016,historical,VDN,Daily monitoring statistics about the trend traffic of outgoing calls at an interval of 15 minutes under a VDN,Indicates the number of connected outgoing manual calls.,map,
IDX_01_07_017,historical,VDN,Daily monitoring statistics about the trend traffic of outgoing calls at an interval of 15 minutes under a VDN,"Indicates the average duration that the VDN is occupied by outgoing calls. query of the daily monitoring statistics about the trend traffic of ou :00"":""0"",""2016-01-28 06:45:00"":""0"",""2016-01-28 06:15:00"":""0"",""2016-01-2 0"":""0"",""2016-01-28 03:15:00"":""1""}},{""id"":""IDX_01_07_017"",""val"":{""2016-0 ""14""}}]}]}",map,"lls at an interval of 15 minutes under a 0"":""1""}}, 5:00"":""0"",""2016-01-28"
IDX_01_08_001,historical,VDN,Daily monitoring statistics about the trend traffic of incoming calls at an interval of 30 minutes under a VDN,Indicates the total number of incoming calls.,map,
IDX_01_08_002,historical,VDN,Daily monitoring statistics about the trend traffic of incoming calls at an interval of 30 minutes under a VDN,Indicates the total number of connected incoming calls.,map,
IDX_01_08_003,historical,VDN,Daily monitoring statistics about the trend traffic of incoming calls at an interval of 30 minutes under a VDN,Indicates the call completion rate of incoming calls.,map,
IDX_01_08_004,historical,VDN,Daily monitoring statistics about the trend traffic of incoming calls at an interval of 30 minutes under a VDN,Indicates the number of incoming IVR calls.,map,
IDX_01_08_005,historical,VDN,Daily monitoring statistics about the trend traffic of incoming calls at an interval of 30 minutes under a VDN,Indicates the number of connected incoming IVR calls.,map,
IDX_01_08_006,historical,VDN,Daily monitoring statistics about the trend traffic of incoming calls at an interval of 30 minutes under a VDN,Indicates the call completion rate of incoming IVR calls.,map,
IDX_01_08_007,historical,VDN,Daily monitoring statistics about the trend traffic of incoming calls at an interval of 30 minutes under a VDN,Indicates the number of incoming manual calls.,map,
IDX_01_08_008,historical,VDN,Daily monitoring statistics about the trend traffic of incoming calls at an interval of 30 minutes under a VDN,Indicates the number of connected incoming manual calls.,map,
IDX_01_08_009,historical,VDN,Daily monitoring statistics about the trend traffic of incoming calls at an interval of 30 minutes under a VDN,Indicates the call completion rate of incoming manual calls.,map,
IDX_01_08_010,historical,VDN,Daily monitoring statistics about the trend traffic of incoming calls at an interval of 30 minutes under a VDN,"Indicates the average duration that the VDN is occupied by incoming calls. query of the daily monitoring statistics about the trend traffic of in :00"":""1"",""2016-01-28 05:30:00"":""0"",""2016-01-28 03:00:00"":""1"",""2016-01-2 0"":""0"",""2016-01-28 06:00:00"":""0""}},{""id"":""IDX_01_08_006"",""val"":{""2016-0 0:00"":""0.00""}},{""id"":""IDX_01_08_007"",""val"":{""2016-01-28 06:30:00"":""1"","" "",""val"":{""2016-01-28 06:30:00"":""0"",""2016-01-28 05:30:00"":""0"",""2016-01-2 :00"":""0.00"",""2016-01-28 05:30:00"":""0.00"",""2016-01-28 03:00:00"":""50.00"",",map,"lls at an interval of 30 minutes under a 0"":""1""}}, 0:00"":""50.00"",""2016-01-28 8 05:30:00"":""0"",""2016-01-28 0"":""1"",""2016-01-28 28 06:00:00"":""100.00""}},"
IDX_01_08_012,historical,VDN,Daily monitoring statistics about the trend traffic of outgoing calls at an interval of 30 minutes under a VDN,Indicates the total number of outgoing calls.,map,
IDX_01_08_013,historical,VDN,Daily monitoring statistics about the trend traffic of outgoing calls at an interval of 30 minutes under a VDN,Indicates the total number of connected outgoing calls.,map,
IDX_01_08_014,historical,VDN,Daily monitoring statistics about the trend traffic of outgoing calls at an interval of 30 minutes under a VDN,Indicates the call completion rate of outgoing calls.,map,
IDX_01_08_015,historical,VDN,Daily monitoring statistics about the trend traffic of outgoing calls at an interval of 30 minutes under a VDN,Indicates the number of connected outgoing IVR calls.,map,
IDX_01_08_016,historical,VDN,Daily monitoring statistics about the trend traffic of outgoing calls at an interval of 30 minutes under a VDN,Indicates the number of connected outgoing manual calls.,map,
IDX_01_08_017,historical,VDN,Daily monitoring statistics about the trend traffic of outgoing calls at an interval of 30 minutes under a VDN,"Indicates the average duration that the VDN is occupied by outgoing calls. query of the daily monitoring statistics about the trend traffic of ou :00"":""0"",""2016-01-28 05:30:00"":""0"",""2016-01-28 03:00:00"":""1"",""2016-01-2 0"":""1"",""2016-01-28 06:00:00"":""0""}},{""id"":""IDX_01_08_017"",""val"":{""2016-0 :""0""}}]}]}",map,"lls at an interval of 30 minutes under a 0"":""0""}}, 0:00"":""0"",""2016-01-28"
IDX_01_09_001,historical,VDN,Daily monitoring statistics about the trend traffic of incoming calls at an interval of 60 minutes under a VDN,Indicates the total number of incoming calls.,map,
IDX_01_09_002,historical,VDN,Daily monitoring statistics about the trend traffic of incoming calls at an interval of 60 minutes under a VDN,Indicates the total number of connected incoming calls.,map,
IDX_01_09_003,historical,VDN,Daily monitoring statistics about the trend traffic of incoming calls at an interval of 60 minutes under a VDN,Indicates the call completion rate of incoming calls.,map,
IDX_01_09_004,historical,VDN,Daily monitoring statistics about the trend traffic of incoming calls at an interval of 60 minutes under a VDN,Indicates the number of incoming IVR calls.,map,
IDX_01_09_005,historical,VDN,Daily monitoring statistics about the trend traffic of incoming calls at an interval of 60 minutes under a VDN,Indicates the number of connected incoming IVR calls.,map,
IDX_01_09_006,historical,VDN,Daily monitoring statistics about the trend traffic of incoming calls at an interval of 60 minutes under a VDN,Indicates the call completion rate of incoming IVR calls.,map,
IDX_01_09_007,historical,VDN,Daily monitoring statistics about the trend traffic of incoming calls at an interval of 60 minutes under a VDN,Indicates the number of incoming manual calls.,map,
IDX_01_09_008,historical,VDN,Daily monitoring statistics about the trend traffic of incoming calls at an interval of 60 minutes under a VDN,Indicates the number of connected incoming manual calls.,map,
IDX_01_09_009,historical,VDN,Daily monitoring statistics about the trend traffic of incoming calls at an interval of 60 minutes under a VDN,Indicates the call completion rate of incoming manual calls.,map,
IDX_01_09_010,historical,VDN,Daily monitoring statistics about the trend traffic of incoming calls at an interval of 60 minutes under a VDN,"Indicates the average duration that the VDN is occupied by incoming calls. query of the daily monitoring statistics about the trend traffic of in 00:00"":""50.00""}},{""id"":""IDX_01_09_004"",""val"":{""2016-01-28 03:00:00"":""0"" :00"":""0"",""2016-01-28 05:00:00"":""0"",""2016-01-28 06:00:00"":""1""}},{""id"":""I 0:00"":""50.00""}},{""id"":""IDX_01_09_007"",""val"":{""2016-01-28 03:00:00"":""2"", :00"":""1"",""2016-01-28 05:00:00"":""0"",""2016-01-28 06:00:00"":""1""}},{""id"":""I 00:00"":""50.00""}},{""id"":""IDX_01_09_010"",""val"":{""2016-01-28 03:00:00"":""10",map,"lls at an interval of 60 minutes under a -28 05:00:00"":""1"",""2016-01-28 006"",""val"":{""2016-01-28 28 05:00:00"":""0"",""2016-01-28 009"",""val"":{""2016-01-28 1-28 05:00:00"":""0"",""2016-01-28"
IDX_01_09_012,historical,VDN,Daily monitoring statistics about the trend traffic of outgoing calls at an interval of 60 minutes under a VDN,Indicates the total number of outgoing calls.,map,
IDX_01_09_013,historical,VDN,Daily monitoring statistics about the trend traffic of outgoing calls at an interval of 60 minutes under a VDN,Indicates the total number of connected outgoing calls.,map,
IDX_01_09_014,historical,VDN,Daily monitoring statistics about the trend traffic of outgoing calls at an interval of 60 minutes under a VDN,Indicates the call completion rate of outgoing calls.,map,
IDX_01_09_015,historical,VDN,Daily monitoring statistics about the trend traffic of outgoing calls at an interval of 60 minutes under a VDN,Indicates the number of connected outgoing IVR calls.,map,
IDX_01_09_016,historical,VDN,Daily monitoring statistics about the trend traffic of outgoing calls at an interval of 60 minutes under a VDN,Indicates the number of connected outgoing manual calls.,map,
IDX_01_09_017,historical,VDN,Daily monitoring statistics about the trend traffic of outgoing calls at an interval of 60 minutes under a VDN,"Indicates the average duration that the VDN is occupied by outgoing calls. query of the daily monitoring statistics about the trend traffic of ou :00:00"":""0.00""}},{""id"":""IDX_01_09_015"",""val"":{""2016-01-28 03:00:00"":""0"" :00"":""1"",""2016-01-28 05:00:00"":""0"",""2016-01-28 06:00:00"":""0""}},{""id"":""I :""0""}}]}]}",map,"lls at an interval of 60 minutes under a -28 05:00:00"":""0"",""2016-01-28 017"",""val"":{""2016-01-28"
IDX_01_10_001,historical,VDN,Monthly statistics about voice calls under a VDN,Indicates the number of incoming calls.,string,
IDX_01_10_002,historical,VDN,Monthly statistics about voice calls under a VDN,Indicates the number of connected incoming calls.,string,
IDX_01_10_003,historical,VDN,Monthly statistics about voice calls under a VDN,Indicates the call completion rate of incoming calls.,string,
IDX_01_10_004,historical,VDN,Monthly statistics about voice calls under a VDN,Indicates the number of outgoing calls.,string,
IDX_01_10_005,historical,VDN,Monthly statistics about voice calls under a VDN,Indicates the number of connected outgoing calls.,string,
IDX_01_10_006,historical,VDN,Monthly statistics about voice calls under a VDN,Indicates the call completion rate of outgoing calls.,string,
IDX_01_10_007,historical,VDN,Monthly statistics about voice calls under a VDN,Indicates the number of incoming calls based on skills.,string,
IDX_01_10_008,historical,VDN,Monthly statistics about voice calls under a VDN,Indicates the number of connected incoming calls based on skills.,string,
IDX_01_10_009,historical,VDN,Monthly statistics about voice calls under a VDN,Indicates the call completion rate of incoming calls based on skills.,string,
IDX_01_10_010,historical,VDN,Monthly statistics about voice calls under a VDN,Indicates the number of connected outgoing calls based on skills.,string,
IDX_01_10_011,historical,VDN,Monthly statistics about voice calls under a VDN,Indicates the number of incoming IVR calls.,string,
IDX_01_10_012,historical,VDN,Monthly statistics about voice calls under a VDN,Indicates the number of connected incoming IVR calls.,string,
IDX_01_10_013,historical,VDN,Monthly statistics about voice calls under a VDN,Indicates the call completion rate of incoming IVR calls.,string,
IDX_01_10_014,historical,VDN,Monthly statistics about voice calls under a VDN,Indicates the number of connected outgoing IVR calls.,string,
IDX_01_10_015,historical,VDN,Monthly statistics about voice calls under a VDN,Indicates the average duration that the VDN is occupied by incoming calls.,string,
IDX_01_10_016,historical,VDN,Monthly statistics about voice calls under a VDN,Indicates the average duration that the VDN is occupied by outgoing calls. query of the monthly statistics about voice calls under a VDN for the,string,1:
IDX_01_11_001,historical,VDN,Daily statistics about multimedia services under a VDN,Indicates the number of requests.,string,
IDX_01_11_002,historical,VDN,Daily statistics about multimedia services under a VDN,Indicates the number of successful calls.,string,
IDX_01_11_003,historical,VDN,Daily statistics about multimedia services under a VDN,Indicates the call duration.,string,
IDX_01_11_004,historical,VDN,Daily statistics about multimedia services under a VDN,Indicates the waiting time in queues.,string,
IDX_01_11_005,historical,VDN,Daily statistics about multimedia services under a VDN,Indicates the number of queuing failures.,string,
IDX_01_11_006,historical,VDN,Daily statistics about multimedia services under a VDN,Indicates the number of queuing drops.,string,
IDX_01_11_007,historical,VDN,Daily statistics about multimedia services under a VDN,"Indicates the number of calls that are answered within n seconds. strin e query of the daily statistics about multimedia services under a VDN f at an Interval of 15, 30, or 60 Minutes example. The index indicates the total number of incoming calls at an i urn result does not provide the record of this interval.",string,N ID of 1: f 15 minutes under a VDN.
IDX_02_02_001,historical,IVR,Daily statistics about the IVR traffic,Indicates the number of requests.,string,
IDX_02_02_002,historical,IVR,Daily statistics about the IVR traffic,Indicates the number of calls.,string,
IDX_02_02_003,historical,IVR,Daily statistics about the IVR traffic,Indicates the number of call losses.,string,
IDX_02_02_004,historical,IVR,Daily statistics about the IVR traffic,Indicates the number of calls transferred out.,string,
IDX_02_02_005,historical,IVR,Daily statistics about the IVR traffic,Indicates the number of released calls.,string,
IDX_02_02_006,historical,IVR,Daily statistics about the IVR traffic,Indicates the call completion rate.,string,
IDX_02_02_007,historical,IVR,Daily statistics about the IVR traffic,Indicates the average call duration. query of the statistics about the current IVR traffic for the service t,string,17:
IDX_02_03_001,historical,IVR,Daily statistics about the trend traffic at an interval of 15 minutes in 24 hours,Indicates the number of requests.,map,"For details, see Return Result of the Daily Statistics About the Trend Traffic at an Interval of 15, 30, or 60 Minutes. This also applies to the following indexes."
IDX_02_03_002,historical,IVR,Daily statistics about the trend traffic at an interval of 15 minutes in 24 hours,Indicates the number of calls.,map,
IDX_02_03_003,historical,IVR,Daily statistics about the trend traffic at an interval of 15 minutes in 24 hours,Indicates the number of call losses.,map,
IDX_02_03_004,historical,IVR,Daily statistics about the trend traffic at an interval of 15 minutes in 24 hours,Indicates the number of calls transferred out.,map,
IDX_02_03_005,historical,IVR,Daily statistics about the trend traffic at an interval of 15 minutes in 24 hours,Indicates the number of released calls.,map,
IDX_02_03_006,historical,IVR,Daily statistics about the trend traffic at an interval of 15 minutes in 24 hours,Indicates the call completion rate.,map,
IDX_02_03_007,historical,IVR,Daily statistics about the trend traffic at an interval of 15 minutes in 24 hours,Indicates the average call duration. eturn result for the query of the daily statistics,map,terval of 15 minutes for the service type ID of 17:
IDX_02_04_001,historical,IVR,Daily statistics about the trend traffic at an interval of 30 minutes in 24 hours,Indicates the number of requests.,map,
IDX_02_04_002,historical,IVR,Daily statistics about the trend traffic at an interval of 30 minutes in 24 hours,Indicates the number of calls.,map,
IDX_02_04_003,historical,IVR,Daily statistics about the trend traffic at an interval of 30 minutes in 24 hours,Indicates the number of call losses.,map,
IDX_02_04_004,historical,IVR,Daily statistics about the trend traffic at an interval of 30 minutes in 24 hours,Indicates the number of calls transferred out.,map,
IDX_02_04_005,historical,IVR,Daily statistics about the trend traffic at an interval of 30 minutes in 24 hours,Indicates the number of released calls.,map,
IDX_02_04_006,historical,IVR,Daily statistics about the trend traffic at an interval of 30 minutes in 24 hours,Indicates the call completion rate.,map,
IDX_02_04_007,historical,IVR,Daily statistics about the trend traffic at an interval of 30 minutes in 24 hours,Indicates the average call duration. query of the daily statistics about the trend traffic at an interval of,map,es for the service type ID of 17:
IDX_02_05_001,historical,IVR,Daily statistics about the trend traffic at an interval of 60 minutes in 24 hours,Indicates the number of requests.,map,
IDX_02_05_002,historical,IVR,Daily statistics about the trend traffic at an interval of 60 minutes in 24 hours,Indicates the number of calls.,map,
IDX_02_05_003,historical,IVR,Daily statistics about the trend traffic at an interval of 60 minutes in 24 hours,Indicates the number of call losses.,map,
IDX_02_05_004,historical,IVR,Daily statistics about the trend traffic at an interval of 60 minutes in 24 hours,Indicates the number of calls transferred out.,map,
IDX_02_05_005,historical,IVR,Daily statistics about the trend traffic at an interval of 60 minutes in 24 hours,Indicates the number of released calls.,map,
IDX_02_05_006,historical,IVR,Daily statistics about the trend traffic at an interval of 60 minutes in 24 hours,Indicates the call completion rate.,map,
IDX_02_05_007,historical,IVR,Daily statistics about the trend traffic at an interval of 60 minutes in 24 hours,Indicates the average call duration. query of the daily statistics about the trend traffic at an interval of,map,es for the service type ID of 17:
IDX_03_01_002,realtime,Skill,Real-time call information of a skill queue,Indicates the number of queuing calls.,string,
IDX_03_01_003,realtime,Skill,Real-time call information of a skill queue,Indicates the number of calls that are being processed.,string,
IDX_03_01_004,realtime,Skill,Real-time call information of a skill queue,Indicates the maximum waiting time for queuing.,string,
IDX_03_01_005,realtime,Skill,Real-time call information of a skill queue,Indicates the number of calls that are connected within 20s in the last five minutes. f the real-time call information of a skill queue for the skill queue,string,
IDX_03_02_001,realtime,Skill,Real-time agent information of a skill queue,Indicates the number of agents who have signed in.,string,
IDX_03_02_002,realtime,Skill,Real-time agent information of a skill queue,Indicates the number of talking agents.,string,
IDX_03_02_003,realtime,Skill,Real-time agent information of a skill queue,Indicates the number of idle agents.,string,
IDX_03_02_004,realtime,Skill,Real-time agent information of a skill queue,Indicates the number of available agents.,string,
IDX_03_02_005,realtime,Skill,Real-time agent information of a skill queue,Indicates the number of busy agents.,string,
IDX_03_02_006,realtime,Skill,Real-time agent information of a skill queue,Indicates the number of agents in the wrap-up state.,string,
IDX_03_02_007,realtime,Skill,Real-time agent information of a skill queue,Indicates the number of resting agents.,string,
IDX_03_02_010,realtime,Skill,Real-time agent information of a skill queue,Indicates the number of agents in the study state. f the real-time agent information of a skill queue for the skill queue,string,:
IDX_03_04_001,historical,Skill,Daily accumulated statistics about calls,Indicates the number of call requests in skill queues.,string,
IDX_03_04_002,historical,Skill,Daily accumulated statistics about calls,Indicates the number of calls.,string,
IDX_03_04_003,historical,Skill,Daily accumulated statistics about calls,Indicates the number of call losses.,string,
IDX_03_04_004,historical,Skill,Daily accumulated statistics about calls,Indicates the number of queuing calls that are disconnected.,string,
IDX_03_04_005,historical,Skill,Daily accumulated statistics about calls,Indicates the number of calls that are hung string up by agents.,string,
IDX_03_04_006,historical,Skill,Daily accumulated statistics about calls,Indicates the number of calls that are dropped by users.,string,Including the number of queuing calls and the number of ringing calls that are actively dropped by users.
IDX_03_04_007,historical,Skill,Daily accumulated statistics about calls,Indicates the number of calls that are interrupted by the platform.,string,
IDX_03_04_008,historical,Skill,Daily accumulated statistics about calls,Indicates the number of calls that are waiting to be answered.,string,
IDX_03_04_009,historical,Skill,Daily accumulated statistics about calls,Indicates the number of calls that are transferred to other queues due to overflows.,string,
IDX_03_04_010,historical,Skill,Daily accumulated statistics about calls,Indicates the number of calls that are transferred to other agents due to overflows. eturn result for the query of the daily accumulate,string,skill queue ID of 25:
IDX_03_05_001,historical,Skill,Daily accumulated statistics about the calling rate,Indicates the call completion rate.,string,
IDX_03_05_002,historical,Skill,Daily accumulated statistics about the calling rate,Indicates the call loss rate.,string,
IDX_03_05_003,historical,Skill,Daily accumulated statistics about the calling rate,Indicates the call connection rate. query of the daily accumulated statistics about the calling rate for t,string,queue ID of 25:
IDX_03_06_001,historical,Skill,Daily accumulated statistics about the average values of calls,Indicates the average waiting time of queuing calls.,string,
IDX_03_06_002,historical,Skill,Daily accumulated statistics about the average values of calls,Indicates the average waiting time of queuing lost calls.,string,
IDX_03_06_003,historical,Skill,Daily accumulated statistics about the average values of calls,Indicates the average waiting time before calls are answered.,string,
IDX_03_06_004,historical,Skill,Daily accumulated statistics about the average values of calls,Indicates the average waiting time before lost calls are answered.,string,
IDX_03_06_005,historical,Skill,Daily accumulated statistics about the average values of calls,Indicates the average call duration.,string,
IDX_03_06_006,historical,Skill,Daily accumulated statistics about the average values of calls,Indicates the average waiting time.,string,
IDX_03_06_007,historical,Skill,Daily accumulated statistics about the average values of calls,Indicates the longest waiting time.,string,
IDX_03_06_008,historical,Skill,Daily accumulated statistics about the average values of calls,Indicates the shortest waiting time. query of the daily accumulated statistics about the average values of,string,the skill queue ID of 25:
IDX_03_07_003,historical,Skill,Daily statistics about the timeout transfer in 24 hours,Indicates the number of calls that are transferred from one queue to another due to a queuing timeout.,string,
IDX_03_07_004,historical,Skill,Daily statistics about the timeout transfer in 24 hours,Indicates the number of calls that are transferred from one agent to another due to a queuing timeout. query of the daily statistics about the timeout transfer for the skill,string,of 25:
IDX_03_09_001,historical,Skill,Statistics about the number of call requests that are connected within n seconds in skill queues,Indicates the number of call requests that are connected within 5s.,string,
IDX_03_09_002,historical,Skill,Statistics about the number of call requests that are connected within n seconds in skill queues,Indicates the number of call requests that are connected within 10s.,string,
IDX_03_09_003,historical,Skill,Statistics about the number of call requests that are connected within n seconds in skill queues,Indicates the number of call requests that are connected within 15s.,string,
IDX_03_09_004,historical,Skill,Statistics about the number of call requests that are connected within n seconds in skill queues,Indicates the number of call requests that are connected within 20s.,string,
IDX_03_09_005,historical,Skill,Statistics about the number of call requests that are connected within n seconds in skill queues,Indicates the number of call requests that are connected within 25s.,string,
IDX_03_09_006,historical,Skill,Statistics about the number of call requests that are connected within n seconds in skill queues,Indicates the number of call requests that are connected within 30s.,string,
IDX_03_09_007,historical,Skill,Statistics about the number of call requests that are connected within n seconds in skill queues,Indicates the number of call requests that are connected within 35s.,string,
IDX_03_09_008,historical,Skill,Statistics about the number of call requests that are connected within n seconds in skill queues,Indicates the number of call requests that are connected within 40s.,string,
IDX_03_09_009,historical,Skill,Statistics about the number of call requests that are connected within n seconds in skill queues,Indicates the number of call requests that are connected within 45s.,string,
IDX_03_09_010,historical,Skill,Statistics about the number of call requests that are connected within n seconds in skill queues,Indicates the number of call requests that are connected within 50s. query of the statistics about the number of call requests that are conne,string,in n seconds for the skill queue ID
IDX_03_09_011,historical,Skill,Statistics about the number of call requests that are dropped within n seconds in skill queues,Indicates the number of call requests that are dropped within 5s.,string,
IDX_03_09_012,historical,Skill,Statistics about the number of call requests that are dropped within n seconds in skill queues,Indicates the number of call requests that are dropped within 10s. st,string,
IDX_03_09_013,historical,Skill,Statistics about the number of call requests that are dropped within n seconds in skill queues,Indicates the number of call requests that are dropped within 15s. st,string,
IDX_03_09_014,historical,Skill,Statistics about the number of call requests that are dropped within n seconds in skill queues,Indicates the number of call requests that are dropped within 20s. st,string,
IDX_03_09_015,historical,Skill,Statistics about the number of call requests that are dropped within n seconds in skill queues,Indicates the number of call requests that are dropped within 25s. st,string,
IDX_03_09_016,historical,Skill,Statistics about the number of call requests that are dropped within n seconds in skill queues,Indicates the number of call requests that are dropped within 30s. st,string,
IDX_03_09_017,historical,Skill,Statistics about the number of call requests that are dropped within n seconds in skill queues,Indicates the number of call requests that are dropped within 35s. st,string,
IDX_03_09_018,historical,Skill,Statistics about the number of call requests that are dropped within n seconds in skill queues,Indicates the number of call requests that are dropped within 40s. st,string,
IDX_03_09_019,historical,Skill,Statistics about the number of call requests that are dropped within n seconds in skill queues,Indicates the number of call requests that are dropped within 45s. st,string,
IDX_03_09_020,historical,Skill,Statistics about the number of call requests that are dropped within n seconds in skill queues,Indicates the number of call requests that are dropped within 50s. st e query of the statistics about the number of call requests that are,string,ithin n seconds for the skill queue ID of
IDX_03_09_021,historical,Skill,Statistics about the number of call requests that are connected beyond n seconds in skill queues,Indicates the number of call requests that are connected beyond 5s.,string,
IDX_03_09_022,historical,Skill,Statistics about the number of call requests that are connected beyond n seconds in skill queues,Indicates the number of call requests that are connected beyond 10s.,string,
IDX_03_09_023,historical,Skill,Statistics about the number of call requests that are connected beyond n seconds in skill queues,Indicates the number of call requests that are connected beyond 15s.,string,
IDX_03_09_024,historical,Skill,Statistics about the number of call requests that are connected beyond n seconds in skill queues,Indicates the number of call requests that are connected beyond 20s.,string,
IDX_03_09_025,historical,Skill,Statistics about the number of call requests that are connected beyond n seconds in skill queues,Indicates the number of call requests that are connected beyond 25s.,string,
IDX_03_09_026,historical,Skill,Statistics about the number of call requests that are connected beyond n seconds in skill queues,Indicates the number of call requests that are connected beyond 30s.,string,
IDX_03_09_027,historical,Skill,Statistics about the number of call requests that are connected beyond n seconds in skill queues,Indicates the number of call requests that are connected beyond 35s.,string,
IDX_03_09_028,historical,Skill,Statistics about the number of call requests that are connected beyond n seconds in skill queues,Indicates the number of call requests that are connected beyond 40s.,string,
IDX_03_09_029,historical,Skill,Statistics about the number of call requests that are connected beyond n seconds in skill queues,Indicates the number of call requests that are connected beyond 45s.,string,
IDX_03_09_030,historical,Skill,Statistics about the number of call requests that are connected beyond n seconds in skill queues,Indicates the number of call requests that are connected beyond 50s. e query of the statistics about the number of call requests that are,string,beyond n seconds for the skill queue ID
IDX_03_09_031,historical,Skill,Statistics about the number of call requests that are dropped beyond n seconds in skill queues,Indicates the number of call requests that are dropped beyond 5s.,string,
IDX_03_09_032,historical,Skill,Statistics about the number of call requests that are dropped beyond n seconds in skill queues,Indicates the number of call requests that are dropped beyond 10s.,string,
IDX_03_09_033,historical,Skill,Statistics about the number of call requests that are dropped beyond n seconds in skill queues,Indicates the number of call requests that are dropped beyond 15s.,string,
IDX_03_09_034,historical,Skill,Statistics about the number of call requests that are dropped beyond n seconds in skill queues,Indicates the number of call requests that are dropped beyond 20s.,string,
IDX_03_09_035,historical,Skill,Statistics about the number of call requests that are dropped beyond n seconds in skill queues,Indicates the number of call requests that are dropped beyond 25s.,string,
IDX_03_09_036,historical,Skill,Statistics about the number of call requests that are dropped beyond n seconds in skill queues,Indicates the number of call requests that are dropped beyond 30s.,string,
IDX_03_09_037,historical,Skill,Statistics about the number of call requests that are dropped beyond n seconds in skill queues,Indicates the number of call requests that are dropped beyond 35s.,string,
IDX_03_09_038,historical,Skill,Statistics about the number of call requests that are dropped beyond n seconds in skill queues,Indicates the number of call requests that are dropped beyond 40s.,string,
IDX_03_09_039,historical,Skill,Statistics about the number of call requests that are dropped beyond n seconds in skill queues,Indicates the number of call requests that are dropped beyond 45s.,string,
IDX_03_09_040,historical,Skill,Statistics about the number of call requests that are dropped beyond n seconds in skill queues,Indicates the number of call requests that are dropped beyond 50s. e query of the statistics about the number of call requests that are,string,eyond n seconds for the skill queue ID of
IDX_03_09_041,historical,Skill,Statistics about the rate of call connection within n seconds in skill queues,Indicates the rate of call connection within 5s.,string,
IDX_03_09_042,historical,Skill,Statistics about the rate of call connection within n seconds in skill queues,Indicates the rate of call connection within 10s.,string,
IDX_03_09_043,historical,Skill,Statistics about the rate of call connection within n seconds in skill queues,Indicates the rate of call connection within 15s.,string,
IDX_03_09_044,historical,Skill,Statistics about the rate of call connection within n seconds in skill queues,Indicates the rate of call connection within 20s.,string,
IDX_03_09_045,historical,Skill,Statistics about the rate of call connection within n seconds in skill queues,Indicates the rate of call connection within 25s.,string,
IDX_03_09_046,historical,Skill,Statistics about the rate of call connection within n seconds in skill queues,Indicates the rate of call connection within 30s.,string,
IDX_03_09_047,historical,Skill,Statistics about the rate of call connection within n seconds in skill queues,Indicates the rate of call connection within 35s.,string,
IDX_03_09_048,historical,Skill,Statistics about the rate of call connection within n seconds in skill queues,Indicates the rate of call connection within 40s.,string,
IDX_03_09_049,historical,Skill,Statistics about the rate of call connection within n seconds in skill queues,Indicates the rate of call connection within 45s.,string,
IDX_03_09_050,historical,Skill,Statistics about the rate of call connection within n seconds in skill queues,Indicates the rate of call connection within 50s. query of the statistics about the rate of call connection within n sec,string,the skill queue ID of 25:
IDX_03_09_051,historical,Skill,Statistics about the rate of call drop within n seconds in skill queues,Indicates the rate of call drop within 5s.,string,
IDX_03_09_052,historical,Skill,Statistics about the rate of call drop within n seconds in skill queues,Indicates the rate of call drop within 10s.,string,
IDX_03_09_053,historical,Skill,Statistics about the rate of call drop within n seconds in skill queues,Indicates the rate of call drop within 15s.,string,
IDX_03_09_054,historical,Skill,Statistics about the rate of call drop within n seconds in skill queues,Indicates the rate of call drop within 20s.,string,
IDX_03_09_055,historical,Skill,Statistics about the rate of call drop within n seconds in skill queues,Indicates the rate of call drop within 25s.,string,
IDX_03_09_056,historical,Skill,Statistics about the rate of call drop within n seconds in skill queues,Indicates the rate of call drop within 30s.,string,
IDX_03_09_057,historical,Skill,Statistics about the rate of call drop within n seconds in skill queues,Indicates the rate of call drop within 35s.,string,
IDX_03_09_058,historical,Skill,Statistics about the rate of call drop within n seconds in skill queues,Indicates the rate of call drop within 40s.,string,
IDX_03_09_059,historical,Skill,Statistics about the rate of call drop within n seconds in skill queues,Indicates the rate of call drop within 45s.,string,
IDX_03_09_060,historical,Skill,Statistics about the rate of call drop within n seconds in skill queues,Indicates the rate of call drop within 50s. query of the statistics about the rate of call drop within n seconds f,string,ill queue ID of 25:
IDX_03_10_001,historical,Skill,Daily statistics about the trend traffic at an interval of 15 minutes in 24 hours,Indicates the number of call requests in skill queues.,map,"For details, see Return Result of the Daily Statistics About the Trend Traffic at an Interval of 15, 30, or 60 Minutes. This also applies to the following indexes."
IDX_03_10_002,historical,Skill,Daily statistics about the trend traffic at an interval of 15 minutes in 24 hours,Indicates the number of calls.,map,
IDX_03_10_003,historical,Skill,Daily statistics about the trend traffic at an interval of 15 minutes in 24 hours,Indicates the number of call losses.,map,
IDX_03_10_004,historical,Skill,Daily statistics about the trend traffic at an interval of 15 minutes in 24 hours,Indicates the number of queuing calls that are disconnected.,map,
IDX_03_10_005,historical,Skill,Daily statistics about the trend traffic at an interval of 15 minutes in 24 hours,Indicates the number of calls that are hung map up by agents after being answered.,string,
IDX_03_10_006,historical,Skill,Daily statistics about the trend traffic at an interval of 15 minutes in 24 hours,Indicates the number of calls that are dropped by users.,map,Including the number of queuing calls and the number of ringing calls that are actively dropped by users.
IDX_03_10_007,historical,Skill,Daily statistics about the trend traffic at an interval of 15 minutes in 24 hours,Indicates the number of calls that are interrupted by the platform.,map,
IDX_03_10_008,historical,Skill,Daily statistics about the trend traffic at an interval of 15 minutes in 24 hours,Indicates the number of calls that are waiting to be answered.,map,
IDX_03_10_009,historical,Skill,Daily statistics about the trend traffic at an interval of 15 minutes in 24 hours,Indicates the number of calls that are transferred to other queues due to overflows.,map,
IDX_03_10_010,historical,Skill,Daily statistics about the trend traffic at an interval of 15 minutes in 24 hours,Indicates the number of calls that are transferred to other agents due to overflows.,map,
IDX_03_10_011,historical,Skill,Daily statistics about the trend traffic at an interval of 15 minutes in 24 hours,Indicates the call completion rate.,map,
IDX_03_10_012,historical,Skill,Daily statistics about the trend traffic at an interval of 15 minutes in 24 hours,Indicates the call loss rate.,map,
IDX_03_10_013,historical,Skill,Daily statistics about the trend traffic at an interval of 15 minutes in 24 hours,Indicates the call connection rate.,map,
IDX_03_10_014,historical,Skill,Daily statistics about the trend traffic at an interval of 15 minutes in 24 hours,Indicates the average waiting time of queuing calls.,map,
IDX_03_10_015,historical,Skill,Daily statistics about the trend traffic at an interval of 15 minutes in 24 hours,Indicates the average waiting time of queuing lost calls.,map,
IDX_03_10_016,historical,Skill,Daily statistics about the trend traffic at an interval of 15 minutes in 24 hours,Indicates the average waiting time before calls are answered.,map,
IDX_03_10_017,historical,Skill,Daily statistics about the trend traffic at an interval of 15 minutes in 24 hours,Indicates the average waiting time before lost calls are answered.,map,
IDX_03_10_018,historical,Skill,Daily statistics about the trend traffic at an interval of 15 minutes in 24 hours,Indicates the average call duration.,map,
IDX_03_10_019,historical,Skill,Daily statistics about the trend traffic at an interval of 15 minutes in 24 hours,Indicates the average waiting time.,map,
IDX_03_10_020,historical,Skill,Daily statistics about the trend traffic at an interval of 15 minutes in 24 hours,Indicates the longest waiting time.,map,
IDX_03_10_021,historical,Skill,Daily statistics about the trend traffic at an interval of 15 minutes in 24 hours,Indicates the shortest waiting time.,map,
IDX_03_10_024,historical,Skill,Daily statistics about the trend traffic at an interval of 15 minutes in 24 hours,Indicates the number of calls that are transferred from one queue to another due to a queuing timeout.,map,
IDX_03_10_025,historical,Skill,Daily statistics about the trend traffic at an interval of 15 minutes in 24 hours,"Indicates the number of calls that are transferred from one agent to another due to a queuing timeout. eturn result for the query of the daily statistics }},{""id"":""IDX_03_10_003"",""val"":{""2016-01-28 06:15: {""id"":""IDX_03_10_005"",""val"":{""2016-01-28 06:15:00"" {""id"":""IDX_03_10_007"",""val"":{""2016-01-28 06:15:00"" {""id"":""IDX_03_10_009"",""val"":{""2016-01-28 06:15:00"" {""id"":""IDX_03_10_011"",""val"":{""2016-01-28 06:15:00"" ""66.67""}},{""id"":""IDX_03_10_013"",""val"":{""2016-01-28 ""7""}},{""id"":""IDX_03_10_017"",""val"":{""2016-01-28 06: },{""id"":""IDX_03_10_019"",""val"":{""2016-01-28 06:15:0 ,{""id"":""IDX_03_10_021"",""val"":{""2016-01-28 06:15:00 {""id"":""IDX_03_10_025"",""val"":{""2016-01-28 06:15:00""",map,"terval of 15 minutes for the skill queue ID of 25: }},{""id"":""IDX_03_10_004"",""val"":{""2016-01-28 {""id"":""IDX_03_10_006"",""val"":{""2016-01-28 {""id"":""IDX_03_10_008"",""val"":{""2016-01-28 {""id"":""IDX_03_10_010"",""val"":{""2016-01-28 33.33""}},{""id"":""IDX_03_10_012"",""val"":{""2016-01- 3:15:00"":""50.00""}},{""id"":""IDX_03_10_014"",""val"": ""2""}},{""id"":""IDX_03_10_018"",""val"":{""2016-01-28 },{""id"":""IDX_03_10_020"",""val"":{""2016-01-28 ,{""id"":""IDX_03_10_024"",""val"":{""2016-01-28 }]}"
IDX_03_11_001,historical,Skill,Daily statistics about the trend traffic at an interval of 30 minutes in 24 hours,Indicates the number of call requests in skill queues.,map,
IDX_03_11_002,historical,Skill,Daily statistics about the trend traffic at an interval of 30 minutes in 24 hours,Indicates the number of calls.,map,
IDX_03_11_003,historical,Skill,Daily statistics about the trend traffic at an interval of 30 minutes in 24 hours,Indicates the number of call losses.,map,
IDX_03_11_004,historical,Skill,Daily statistics about the trend traffic at an interval of 30 minutes in 24 hours,Indicates the number of queuing calls that are disconnected.,map,
IDX_03_11_005,historical,Skill,Daily statistics about the trend traffic at an interval of 30 minutes in 24 hours,Indicates the number of calls that are hung map up by agents after being answered.,string,
IDX_03_11_006,historical,Skill,Daily statistics about the trend traffic at an interval of 30 minutes in 24 hours,Indicates the number of calls that are dropped by users.,map,Including the number of queuing calls and the number of ringing calls that are actively dropped by users.
IDX_03_11_007,historical,Skill,Daily statistics about the trend traffic at an interval of 30 minutes in 24 hours,Indicates the number of calls that are interrupted by the platform.,map,
IDX_03_11_008,historical,Skill,Daily statistics about the trend traffic at an interval of 30 minutes in 24 hours,Indicates the number of calls that are waiting to be answered.,map,
IDX_03_11_009,historical,Skill,Daily statistics about the trend traffic at an interval of 30 minutes in 24 hours,Indicates the number of calls that are transferred to other queues due to overflows.,map,
IDX_03_11_010,historical,Skill,Daily statistics about the trend traffic at an interval of 30 minutes in 24 hours,Indicates the number of calls that are transferred to other agents due to overflows.,map,
IDX_03_11_011,historical,Skill,Daily statistics about the trend traffic at an interval of 30 minutes in 24 hours,Indicates the call completion rate.,map,
IDX_03_11_012,historical,Skill,Daily statistics about the trend traffic at an interval of 30 minutes in 24 hours,Indicates the call loss rate.,map,
IDX_03_11_013,historical,Skill,Daily statistics about the trend traffic at an interval of 30 minutes in 24 hours,Indicates the call connection rate.,map,
IDX_03_11_014,historical,Skill,Daily statistics about the trend traffic at an interval of 30 minutes in 24 hours,Indicates the average waiting time of queuing calls.,map,
IDX_03_11_015,historical,Skill,Daily statistics about the trend traffic at an interval of 30 minutes in 24 hours,Indicates the average waiting time of queuing lost calls.,map,
IDX_03_11_016,historical,Skill,Daily statistics about the trend traffic at an interval of 30 minutes in 24 hours,Indicates the average waiting time before calls are answered.,map,
IDX_03_11_017,historical,Skill,Daily statistics about the trend traffic at an interval of 30 minutes in 24 hours,Indicates the average waiting time before lost calls are answered.,map,
IDX_03_11_018,historical,Skill,Daily statistics about the trend traffic at an interval of 30 minutes in 24 hours,Indicates the average call duration.,map,
IDX_03_11_019,historical,Skill,Daily statistics about the trend traffic at an interval of 30 minutes in 24 hours,Indicates the average waiting time.,map,
IDX_03_11_020,historical,Skill,Daily statistics about the trend traffic at an interval of 30 minutes in 24 hours,Indicates the longest waiting time.,map,
IDX_03_11_021,historical,Skill,Daily statistics about the trend traffic at an interval of 30 minutes in 24 hours,Indicates the shortest waiting time.,map,
IDX_03_11_024,historical,Skill,Daily statistics about the trend traffic at an interval of 30 minutes in 24 hours,Indicates the number of calls that are transferred from one queue to another due to a queuing timeout.,map,
IDX_03_11_025,historical,Skill,Daily statistics about the trend traffic at an interval of 30 minutes in 24 hours,"Indicates the number of calls that are transferred from one agent to another due to a queuing timeout. eturn result for the query of the daily statistics }},{""id"":""IDX_03_11_003"",""val"":{""2016-01-28 03:00: {""id"":""IDX_03_11_005"",""val"":{""2016-01-28 03:00:00"" {""id"":""IDX_03_11_007"",""val"":{""2016-01-28 03:00:00"" {""id"":""IDX_03_11_009"",""val"":{""2016-01-28 03:00:00"" {""id"":""IDX_03_11_011"",""val"":{""2016-01-28 03:00:00"" :""0.00""}},{""id"":""IDX_03_11_013"",""val"":{""2016-01-28 ""3""}},{""id"":""IDX_03_11_017"",""val"":{""2016-01-28 03: },{""id"":""IDX_03_11_019"",""val"":{""2016-01-28 03:00:0 ,{""id"":""IDX_03_11_021"",""val"":{""2016-01-28 03:00:00 {""id"":""IDX_03_11_025"",""val"":{""2016-01-28 03:00:00""",map,"terval of 30 minutes for the skill queue ID of 25: }},{""id"":""IDX_03_11_004"",""val"":{""2016-01-28 {""id"":""IDX_03_11_006"",""val"":{""2016-01-28 {""id"":""IDX_03_11_008"",""val"":{""2016-01-28 {""id"":""IDX_03_11_010"",""val"":{""2016-01-28 00.00""}},{""id"":""IDX_03_11_012"",""val"":{""2016-01- :00:00"":""100.00""}},{""id"":""IDX_03_11_014"",""val"": ""0""}},{""id"":""IDX_03_11_018"",""val"":{""2016-01-28 },{""id"":""IDX_03_11_020"",""val"":{""2016-01-28 ,{""id"":""IDX_03_11_024"",""val"":{""2016-01-28 }]}"
IDX_03_12_001,historical,Skill,Daily statistics about the trend traffic at an interval of 60 minutes in 24 hours,Indicates the number of call requests in skill queues.,map,
IDX_03_12_002,historical,Skill,Daily statistics about the trend traffic at an interval of 60 minutes in 24 hours,Indicates the number of calls.,map,
IDX_03_12_003,historical,Skill,Daily statistics about the trend traffic at an interval of 60 minutes in 24 hours,Indicates the number of call losses.,map,
IDX_03_12_004,historical,Skill,Daily statistics about the trend traffic at an interval of 60 minutes in 24 hours,Indicates the number of queuing calls that are disconnected.,map,
IDX_03_12_005,historical,Skill,Daily statistics about the trend traffic at an interval of 60 minutes in 24 hours,Indicates the number of calls that are hung map up by agents after being answered.,string,
IDX_03_12_006,historical,Skill,Daily statistics about the trend traffic at an interval of 60 minutes in 24 hours,Indicates the number of calls that are dropped by users.,map,Including the number of queuing calls and the number of ringing calls that are actively dropped by users.
IDX_03_12_007,historical,Skill,Daily statistics about the trend traffic at an interval of 60 minutes in 24 hours,Indicates the number of calls that are interrupted by the platform.,map,
IDX_03_12_008,historical,Skill,Daily statistics about the trend traffic at an interval of 60 minutes in 24 hours,Indicates the number of calls that are waiting to be answered.,map,
IDX_03_12_009,historical,Skill,Daily statistics about the trend traffic at an interval of 60 minutes in 24 hours,Indicates the number of calls that are transferred to other queues due to overflows.,map,
IDX_03_12_010,historical,Skill,Daily statistics about the trend traffic at an interval of 60 minutes in 24 hours,Indicates the number of calls that are transferred to other agents due to,map,
IDX_03_12_011,historical,Skill,Daily statistics about the trend traffic at an interval of 60 minutes in 24 hours,Indicates the call completion rate.,map,
IDX_03_12_012,historical,Skill,Daily statistics about the trend traffic at an interval of 60 minutes in 24 hours,Indicates the call loss rate.,map,
IDX_03_12_013,historical,Skill,Daily statistics about the trend traffic at an interval of 60 minutes in 24 hours,Indicates the call connection rate.,map,
IDX_03_12_014,historical,Skill,Daily statistics about the trend traffic at an interval of 60 minutes in 24 hours,Indicates the average waiting time of queuing calls.,map,
IDX_03_12_015,historical,Skill,Daily statistics about the trend traffic at an interval of 60 minutes in 24 hours,Indicates the average waiting time of queuing lost calls.,map,
IDX_03_12_016,historical,Skill,Daily statistics about the trend traffic at an interval of 60 minutes in 24 hours,Indicates the average waiting time before calls are answered.,map,
IDX_03_12_017,historical,Skill,Daily statistics about the trend traffic at an interval of 60 minutes in 24 hours,Indicates the average waiting time before lost calls are answered.,map,
IDX_03_12_018,historical,Skill,Daily statistics about the trend traffic at an interval of 60 minutes in 24 hours,Indicates the average call duration.,map,
IDX_03_12_019,historical,Skill,Daily statistics about the trend traffic at an interval of 60 minutes in 24 hours,Indicates the average waiting time.,map,
IDX_03_12_020,historical,Skill,Daily statistics about the trend traffic at an interval of 60 minutes in 24 hours,Indicates the longest waiting time.,map,
IDX_03_12_021,historical,Skill,Daily statistics about the trend traffic at an interval of 60 minutes in 24 hours,Indicates the shortest waiting time.,map,
IDX_03_12_024,historical,Skill,Daily statistics about the trend traffic at an interval of 60 minutes in 24 hours,Indicates the number of calls that are transferred from one queue to another due to a queuing timeout.,map,
IDX_03_12_025,historical,Skill,Daily statistics about the trend traffic at an interval of 60 minutes in 24 hours,"Indicates the number of calls that are transferred from one agent to another due to a queuing timeout. eturn result for the query of the daily statist }},{""id"":""IDX_03_12_003"",""val"":{""2016-01-28 03: {""id"":""IDX_03_12_005"",""val"":{""2016-01-28 03:00: {""id"":""IDX_03_12_007"",""val"":{""2016-01-28 03:00: {""id"":""IDX_03_12_009"",""val"":{""2016-01-28 03:00: {""id"":""IDX_03_12_011"",""val"":{""2016-01-28 03:00: :""0.00""}},{""id"":""IDX_03_12_013"",""val"":{""2016-01 ""3""}},{""id"":""IDX_03_12_017"",""val"":{""2016-01-28 },{""id"":""IDX_03_12_019"",""val"":{""2016-01-28 03:0 ,{""id"":""IDX_03_12_021"",""val"":{""2016-01-28 03:00 {""id"":""IDX_03_12_025"",""val"":{""2016-01-28 03:00:",map,"terval of 60 minutes for the skill queue ID of 25: }},{""id"":""IDX_03_12_004"",""val"":{""2016-01-28 {""id"":""IDX_03_12_006"",""val"":{""2016-01-28 {""id"":""IDX_03_12_008"",""val"":{""2016-01-28 {""id"":""IDX_03_12_010"",""val"":{""2016-01-28 00.00""}},{""id"":""IDX_03_12_012"",""val"":{""2016-01- :00:00"":""100.00""}},{""id"":""IDX_03_12_014"",""val"": ""0""}},{""id"":""IDX_03_12_018"",""val"":{""2016-01-28 },{""id"":""IDX_03_12_020"",""val"":{""2016-01-28 ,{""id"":""IDX_03_12_024"",""val"":{""2016-01-28 }]}"
IDX_03_13_001,historical,Skill,Historical monitoring statistics about multimedia services,Indicates the number of requests.,string,
IDX_03_13_002,historical,Skill,Historical monitoring statistics about multimedia services,Indicates the number of successful calls.,string,
IDX_03_13_003,historical,Skill,Historical monitoring statistics about multimedia services,Indicates the call duration.,string,
IDX_03_13_004,historical,Skill,Historical monitoring statistics about multimedia services,Indicates the waiting time in queues.,string,
IDX_03_13_005,historical,Skill,Historical monitoring statistics about multimedia services,Indicates the number of queuing failures.,string,
IDX_03_13_006,historical,Skill,Historical monitoring statistics about multimedia services,Indicates the number of queuing drops.,string,
IDX_03_13_007,historical,Skill,Historical monitoring statistics about multimedia services,Indicates the number of calls that are answered within n seconds. strin query of the historical monitoring statistics about multimedia service,string,skill queue ID of 25:
IDX_04_01_003,realtime,Agent,Real-time information about an agent,Indicates a phone number.,string,
IDX_04_01_007,realtime,Agent,Real-time information about an agent,Indicates the agent status.,string,"For details, see Agent Status."
IDX_04_01_008,realtime,Agent,Real-time information about an agent,Indicates the duration of the current state.,string,
IDX_04_01_010,realtime,Agent,Real-time information about an agent,Indicates a list of skill queues to which the a agent has logged in.,array,The value is an array of skill queue IDs.
IDX_04_01_011,realtime,Agent,Real-time information about an agent,Indicates the reason for the rest or show- busy state.,string,
IDX_04_01_045,realtime,Agent,Real-time information about an agent,Indicates the inspection status.,string,"The value is in the format of being screen-recorded|being monitored|being intercepted. 1: The agent is screen-recorded, monitored, or intercepted. 0: The agent is not screen-recorded, monitored, or intercepted. For example: 0|0|0"
IDX_04_01_050,realtime,Agent,Real-time information about an agent,Indicates the IP address of the agent. n result for the query of the real-time informa,string,agent work ID of 291:
IDX_04_02_001,historical,Agent,Daily statistics about agent activities,Indicates the times that the agent signs in.,string,
IDX_04_02_002,historical,Agent,Daily statistics about agent activities,Indicates the duration that the agent signs in.,string,
IDX_04_02_003,historical,Agent,Daily statistics about agent activities,Indicates the number of incoming calls.,string,
IDX_04_02_004,historical,Agent,Daily statistics about agent activities,Indicates the duration of incoming calls.,string,
IDX_04_02_005,historical,Agent,Daily statistics about agent activities,Indicates the average duration of incoming calls.,string,
IDX_04_02_006,historical,Agent,Daily statistics about agent activities,Indicates the number of outgoing calls.,string,
IDX_04_02_007,historical,Agent,Daily statistics about agent activities,Indicates the duration of outgoing calls.,string,
IDX_04_02_008,historical,Agent,Daily statistics about agent activities,Indicates the average duration of outgoing calls.,string,
IDX_04_02_009,historical,Agent,Daily statistics about agent activities,Indicates the times that the agent is in the wrap-up state.,string,
IDX_04_02_010,historical,Agent,Daily statistics about agent activities,Indicates the duration that the agent is in the wrap-up state.,string,
IDX_04_02_011,historical,Agent,Daily statistics about agent activities,Indicates the average duration that the agent is in the wrap-up state.,string,
IDX_04_02_012,historical,Agent,Daily statistics about agent activities,Indicates the times that the agent rests.,string,
IDX_04_02_013,historical,Agent,Daily statistics about agent activities,Indicates the duration that the agent rests.,string,
IDX_04_02_014,historical,Agent,Daily statistics about agent activities,Indicates the average duration that the agent rests.,string,
IDX_04_02_015,historical,Agent,Daily statistics about agent activities,Indicates the times that the agent is on hold.,string,
IDX_04_02_016,historical,Agent,Daily statistics about agent activities,Indicates the duration that the agent is on hold.,string,
IDX_04_02_017,historical,Agent,Daily statistics about agent activities,Indicates the average duration that the agent is on hold.,string,
IDX_04_02_018,historical,Agent,Daily statistics about agent activities,Indicates the times that the agent is in the busy state.,string,
IDX_04_02_019,historical,Agent,Daily statistics about agent activities,Indicates the duration that the agent is in the busy state.,string,
IDX_04_02_020,historical,Agent,Daily statistics about agent activities,Indicates the average duration that the agent is in the busy state.,string,
IDX_04_02_021,historical,Agent,Daily statistics about agent activities,Indicates the duration that the agent answers calls.,string,
IDX_04_02_022,historical,Agent,Daily statistics about agent activities,Indicates the duration that the agent is idle.,string,
IDX_04_02_023,historical,Agent,Daily statistics about agent activities,Indicates the times of internal transfer.,string,
IDX_04_02_024,historical,Agent,Daily statistics about agent activities,Indicates the times of transfer-out.,string,
IDX_04_02_025,historical,Agent,Daily statistics about agent activities,Indicates the number of calls that are blocked and then transferred to IVR calls.,string,
IDX_04_02_026,historical,Agent,Daily statistics about agent activities,Indicates the number of third-party calls.,string,
IDX_04_02_027,historical,Agent,Daily statistics about agent activities,Indicates the number of internal calls.,string,
IDX_04_02_028,historical,Agent,Daily statistics about agent activities,Indicates the times of internal help. query of the daily statistics about agent activities for the agent wor,string,91:
IDX_04_03_001,historical,Agent,Daily statistics about the agent login and logout conditions,Indicates the daily statistics about the agent sign-in and sign-out conditions. return result for the query of the daily statis,array,"For the index value description of IDX_04_03_001, see Table 3. n-out conditions for the agent work ID of 291:"
IDX_04_04_001,historical,Agent,Agent traffic statistics,Indicates the number of requests.,string,
IDX_04_04_002,historical,Agent,Agent traffic statistics,Indicates the number of calls.,string,
IDX_04_04_003,historical,Agent,Agent traffic statistics,Indicates the number of call losses.,string,
IDX_04_04_004,historical,Agent,Agent traffic statistics,Indicates the call completion rate.,string,
IDX_04_04_005,historical,Agent,Agent traffic statistics,Indicates the number of calls that ring and wait to be answered.,string,
IDX_04_04_006,historical,Agent,Agent traffic statistics,Indicates the number of calls that ring but are not answered.,string,
IDX_04_04_007,historical,Agent,Agent traffic statistics,Indicates the number of calls that wait for a long time but are not answered.,string,
IDX_04_04_008,historical,Agent,Agent traffic statistics,Indicates the number of calls that are hung up after being answered.,string,
IDX_04_04_009,historical,Agent,Agent traffic statistics,Indicates the average duration that the agent answers calls.,string,
IDX_04_04_010,historical,Agent,Agent traffic statistics,Indicates the average call duration.,string,
IDX_04_04_011,historical,Agent,Agent traffic statistics,Indicates the longest call duration.,string,
IDX_04_04_012,historical,Agent,Agent traffic statistics,Indicates the shortest call duration. f the agent traffic statistics for the agent work ID of 291:,string,
IDX_04_07_001,historical,Agent,Agent multimedia service statistics,Indicates the number of requests.,string,
IDX_04_07_002,historical,Agent,Agent multimedia service statistics,Indicates the number of successful calls.,string,
IDX_04_07_003,historical,Agent,Agent multimedia service statistics,Indicates the call duration. f the agent multimedia service statistics for the agent work ID of 291,string,
